{
  "project_info": {
    "project_number": "24098435429",
    "project_id": "droidtest-1-b6a2e",
    "storage_bucket": "droidtest-1-b6a2e.appspot.com"
  },
  "client": [
    {
      "client_info": {
        "mobilesdk_app_id": "1:24098435429:android:887fef86bb337b1da1b18c",
        "android_client_info": {
          "package_name": "com.basicactivity.droidtest1"
        }
      },
      "oauth_client": [
        {
          "client_id": "24098435429-mmo8gq1ndid80r49ph2aibkh086fi40d.apps.googleusercontent.com",
          "client_type": 3
        }
      ],
      "api_key": [
        {
          "current_key": "AIzaSyDkRmvKKkPQddiZOobRp20jGmi4TT8ZloM"
        }
      ],
      "services": {
        "appinvite_service": {
          "other_platform_oauth_client": [
            {
              "client_id": "24098435429-mmo8gq1ndid80r49ph2aibkh086fi40d.apps.googleusercontent.com",
              "client_type": 3
            }
          ]
        }
      }
    }
  ],
  "configuration_version": "1"
}